0, 0.01, 2.35646, 2.35646, 2.33359, 0, 31
1, 0.00999925, 2.27224, 2.31435, 0, 0, 31
2, 0.0099985, 2.26705, 2.29858, 0, 0, 31
3, 0.00999775, 2.16737, 2.26578, 0, 0, 31
4, 0.009997, 2.14723, 2.24207, 0, 0, 31
5, 0.00999625, 2.10662, 2.21949, 0, 0, 31
6, 0.0099955, 2.01489, 2.19026, 0, 0, 31
7, 0.00999475, 1.92722, 2.15738, 0, 0, 31
8, 0.009994, 1.8756, 2.12607, 0, 0, 31
9, 0.00999326, 1.87865, 2.10133, 0, 0, 31
10, 0.00999251, 1.67751, 2.0628, 0, 0, 31
11, 0.00999176, 1.61358, 2.02537, 0, 0, 31
12, 0.00999101, 1.46977, 1.98263, 0, 0, 31
13, 0.00999026, 1.37014, 1.93888, 0, 0, 31
14, 0.00998951, 1.37729, 1.90144, 0, 0, 31
15, 0.00998876, 1.14528, 1.85418, 0, 0, 31
16, 0.00998802, 1.28706, 1.82082, 0, 0, 31
17, 0.00998727, 1.27881, 1.79071, 0, 0, 31
18, 0.00998652, 0.817051, 1.73946, 0, 0, 31
19, 0.00998577, 1.0101, 1.703, 0, 0, 31
20, 0.00998503, 0.858433, 1.66278, 0, 0, 31
21, 0.00998428, 0.960901, 1.63087, 0, 0, 31
22, 0.00998353, 0.655016, 1.58845, 0, 0, 31
23, 0.00998278, 0.719709, 1.55225, 0, 0, 31
24, 0.00998204, 0.668243, 1.51689, 0, 0, 31
25, 0.00998129, 0.692894, 1.4852, 0, 0, 31
26, 0.00998054, 0.533526, 1.44995, 0, 0, 31
27, 0.0099798, 0.50093, 1.41606, 0, 0, 31
28, 0.00997905, 0.623858, 1.38874, 0, 0, 31
29, 0.0099783, 0.507169, 1.35935, 0, 0, 31
30, 0.00997756, 0.528165, 1.33254, 0, 0, 31
31, 0.00997681, 0.586621, 1.30923, 0, 0, 31
32, 0.00997607, 0.544335, 1.28605, 0, 0, 31
33, 0.00997532, 0.400452, 1.26, 0, 0, 31
34, 0.00997458, 0.367025, 1.23449, 0, 0, 31
35, 0.00997383, 0.388132, 1.21098, 0, 0, 31
36, 0.00997308, 0.333293, 1.18726, 0, 0, 31
37, 0.00997234, 0.675163, 1.17378, 0, 0, 31
38, 0.00997159, 0.476076, 1.15589, 0, 0, 31
39, 0.00997085, 0.339034, 1.13547, 0, 0, 31
40, 0.0099701, 0.320036, 1.11558, 0, 0, 31
41, 0.00996936, 0.674701, 1.10509, 0, 0, 31
42, 0.00996862, 0.482173, 1.0906, 0, 0, 31
43, 0.00996787, 0.505013, 1.07729, 0, 0, 31
44, 0.00996713, 0.260081, 1.05913, 0, 0, 31
45, 0.00996638, 0.455789, 1.04601, 0, 0, 31
46, 0.00996564, 0.470547, 1.03377, 0, 0, 31
47, 0.00996489, 0.598697, 1.02471, 0, 0, 31
48, 0.00996415, 0.372545, 1.0114, 0, 0, 31
49, 0.00996341, 0.311395, 0.997397, 0, 0, 31
50, 0.00996266, 0.346812, 0.984641, 0, 0, 31
51, 0.00996192, 0.460901, 0.974569, 0, 0, 31
52, 0.00996118, 0.405657, 0.963835, 0, 0, 31
53, 0.00996043, 0.341222, 0.952305, 0, 0, 31
54, 0.00995969, 0.419959, 0.942626, 0, 0, 31
55, 0.00995895, 0.441619, 0.933679, 0, 0, 31
56, 0.0099582, 0.276152, 0.922144, 0, 0, 31
57, 0.00995746, 0.499397, 0.914855, 0, 0, 31
58, 0.00995672, 0.393816, 0.906024, 0, 0, 31
59, 0.00995598, 0.356884, 0.896872, 0, 0, 31
60, 0.00995523, 0.282811, 0.886805, 0, 0, 31
61, 0.00995449, 0.23268, 0.876255, 0, 0, 31
62, 0.00995375, 0.447882, 0.869455, 0, 0, 31
63, 0.00995301, 0.440519, 0.862753, 0, 0, 31
64, 0.00995227, 0.49365, 0.857074, 0, 0, 31
65, 0.00995153, 0.344804, 0.849313, 0, 0, 31
66, 0.00995078, 0.357764, 0.841976, 0, 0, 31
67, 0.00995004, 0.261081, 0.833434, 0, 0, 31
68, 0.0099493, 0.384634, 0.826929, 0, 0, 31
69, 0.00994856, 0.353428, 0.820165, 0, 0, 31
70, 0.00994782, 0.296592, 0.812791, 0, 0, 31
71, 0.00994708, 0.178037, 0.803975, 0, 0, 31
72, 0.00994634, 0.406916, 0.798535, 0, 0, 31
73, 0.0099456, 0.258213, 0.791234, 0, 0, 31
74, 0.00994486, 0.332739, 0.78512, 0, 0, 31
75, 0.00994412, 0.283181, 0.778516, 0, 0, 31
76, 0.00994338, 0.201834, 0.771027, 0, 0, 31
77, 0.00994264, 0.54737, 0.768159, 0, 0, 31
78, 0.0099419, 0.289983, 0.762106, 0, 0, 31
79, 0.00994116, 0.348257, 0.756933, 0, 0, 31
80, 0.00994042, 0.626897, 0.755328, 0, 0, 31
81, 0.00993968, 0.177507, 0.748281, 0, 0, 31
82, 0.00993894, 0.445384, 0.744632, 0, 0, 31
83, 0.0099382, 0.321787, 0.739598, 0, 0, 31
84, 0.00993746, 0.27924, 0.734182, 0, 0, 31
85, 0.00993672, 0.216944, 0.728168, 0, 0, 31
86, 0.00993598, 0.337463, 0.723677, 0, 0, 31
87, 0.00993524, 0.313526, 0.719016, 0, 0, 31
88, 0.0099345, 0.223661, 0.71345, 0, 0, 31
89, 0.00993377, 0.220128, 0.707969, 0, 1, 15
90, 0.00993303, 0.193367, 0.702314, 0, 1, 15
91, 0.00993229, 0.4025, 0.699055, 0, 1, 15
92, 0.00993155, 0.317961, 0.694957, 0, 1, 15
93, 0.00993081, 0.0885556, 0.688506, 0, 1, 15
94, 0.00993007, 0.181759, 0.683172, 0, 1, 15
95, 0.00992934, 0.249908, 0.678659, 0, 1, 15
96, 0.0099286, 0.108671, 0.672783, 0, 1, 15
97, 0.00992786, 0.238501, 0.668351, 0, 1, 15
98, 0.00992712, 0.232095, 0.663945, 0, 1, 15
99, 0.00992639, 0.168718, 0.658992, 0, 1, 15
100, 0.00992565, 0.218923, 0.637617, 0, 1, 15
101, 0.00992491, 0.298328, 0.617878, 0, 1, 15
102, 0.00992418, 0.196398, 0.597172, 0, 1, 15
103, 0.00992344, 0.183727, 0.577335, 0, 1, 15
104, 0.0099227, 0.229669, 0.558159, 0, 1, 15
105, 0.00992197, 0.136236, 0.538456, 0, 1, 15
106, 0.00992123, 0.345261, 0.521759, 0, 1, 15
107, 0.00992049, 0.571642, 0.508204, 0, 1, 15
108, 0.00991976, 0.394068, 0.493388, 0, 1, 15
109, 0.00991902, 0.412039, 0.478722, 0, 1, 15
110, 0.00991829, 0.150527, 0.463452, 0, 1, 15
111, 0.00991755, 0.299859, 0.450315, 0, 1, 15
112, 0.00991681, 0.304707, 0.438665, 0, 1, 15
113, 0.00991608, 0.382619, 0.428789, 0, 1, 15
114, 0.00991534, 0.315577, 0.418172, 0, 1, 15
115, 0.00991461, 0.191306, 0.408633, 0, 1, 15
116, 0.00991387, 0.194323, 0.397705, 0, 1, 15
117, 0.00991314, 0.266298, 0.38758, 0, 1, 15
118, 0.0099124, 0.237762, 0.381787, 0, 1, 15
119, 0.00991167, 0.218377, 0.37387, 0, 1, 15
120, 0.00991093, 0.242831, 0.367714, 0, 1, 15
121, 0.0099102, 0.204526, 0.36015, 0, 1, 15
122, 0.00990947, 0.295383, 0.356554, 0, 1, 15
123, 0.00990873, 0.333966, 0.352696, 0, 1, 15
124, 0.009908, 0.211112, 0.348125, 0, 1, 15
125, 0.00990726, 0.208269, 0.343279, 0, 1, 15
126, 0.00990653, 0.384109, 0.341785, 0, 1, 15
127, 0.0099058, 0.154632, 0.338322, 0, 1, 15
128, 0.00990506, 0.564142, 0.337725, 0, 1, 15
129, 0.00990433, 0.215535, 0.334808, 0, 1, 15
130, 0.0099036, 0.149015, 0.331017, 0, 1, 15
131, 0.00990286, 0.232213, 0.327473, 0, 1, 15
132, 0.00990213, 0.3676, 0.325705, 0, 1, 15
133, 0.0099014, 0.188181, 0.323583, 0, 1, 15
134, 0.00990066, 0.165023, 0.321563, 0, 1, 15
135, 0.00989993, 0.355116, 0.321232, 0, 1, 15
136, 0.0098992, 0.533674, 0.323236, 0, 1, 15
137, 0.00989847, 0.341391, 0.319899, 0, 1, 15
138, 0.00989773, 0.488336, 0.320021, 0, 1, 15
139, 0.009897, 0.34058, 0.320037, 0, 1, 15
140, 0.00989627, 0.156015, 0.318396, 0, 1, 15
141, 0.00989554, 0.10634, 0.312713, 0, 1, 15
142, 0.00989481, 0.399478, 0.311886, 0, 1, 15
143, 0.00989407, 0.154711, 0.308383, 0, 1, 15
144, 0.00989334, 0.295317, 0.308735, 0, 1, 15
145, 0.00989261, 0.329376, 0.307471, 0, 1, 15
146, 0.00989188, 0.269934, 0.305465, 0, 1, 15
147, 0.00989115, 0.420325, 0.303681, 0, 1, 15
148, 0.00989042, 0.214625, 0.302102, 0, 1, 15
149, 0.00988969, 0.35468, 0.302535, 0, 1, 15
150, 0.00988896, 0.294224, 0.302009, 0, 1, 15
151, 0.00988823, 0.102094, 0.298421, 0, 1, 15
152, 0.0098875, 0.366466, 0.298029, 0, 1, 15
153, 0.00988676, 0.0936161, 0.295553, 0, 1, 15
154, 0.00988603, 0.19434, 0.293297, 0, 1, 15
155, 0.0098853, 0.205376, 0.290934, 0, 1, 15
156, 0.00988457, 0.292046, 0.291093, 0, 1, 15
157, 0.00988384, 0.191711, 0.288016, 0, 1, 15
158, 0.00988312, 0.213797, 0.286216, 0, 1, 15
159, 0.00988238, 0.585571, 0.288503, 0, 1, 15
160, 0.00988166, 0.353938, 0.289214, 0, 1, 15
161, 0.00988093, 0.167519, 0.288563, 0, 1, 15
162, 0.0098802, 0.128017, 0.285364, 0, 1, 15
163, 0.00987947, 0.385507, 0.284814, 0, 1, 15
164, 0.00987874, 0.21953, 0.282073, 0, 1, 15
165, 0.00987801, 0.272562, 0.28135, 0, 1, 15
166, 0.00987728, 0.235666, 0.280129, 0, 1, 15
167, 0.00987655, 0.481531, 0.282334, 0, 1, 15
168, 0.00987582, 0.235137, 0.280839, 0, 1, 15
169, 0.0098751, 0.244929, 0.279754, 0, 1, 15
170, 0.00987437, 0.21517, 0.27894, 0, 1, 15
171, 0.00987364, 0.392177, 0.281081, 0, 1, 15
172, 0.00987291, 0.217472, 0.279187, 0, 1, 15
173, 0.00987218, 0.240087, 0.279005, 0, 1, 15
174, 0.00987145, 0.204571, 0.277724, 0, 1, 15
175, 0.00987073, 0.285438, 0.277746, 0, 1, 15
176, 0.00987, 0.158222, 0.27731, 0, 1, 15
177, 0.00986927, 0.158781, 0.273424, 0, 1, 15
178, 0.00986855, 0.146193, 0.271986, 0, 1, 15
179, 0.00986782, 0.164765, 0.270151, 0, 1, 15
180, 0.00986709, 0.463471, 0.268517, 0, 1, 15
181, 0.00986636, 0.361791, 0.27036, 0, 1, 15
182, 0.00986564, 0.436305, 0.270269, 0, 1, 15
183, 0.00986491, 0.32995, 0.270351, 0, 1, 15
184, 0.00986419, 0.145384, 0.269012, 0, 1, 15
185, 0.00986346, 0.307865, 0.269921, 0, 1, 15
186, 0.00986273, 0.132275, 0.26787, 0, 1, 15
187, 0.00986201, 0.161724, 0.266352, 0, 1, 15
188, 0.00986128, 0.290431, 0.267019, 0, 1, 15
189, 0.00986055, 0.152341, 0.266341, 0, 1, 15
190, 0.00985983, 0.249378, 0.266901, 0, 1, 15
191, 0.0098591, 0.210216, 0.264979, 0, 1, 15
192, 0.00985838, 0.195085, 0.26375, 0, 1, 15
193, 0.00985765, 0.202777, 0.264892, 0, 1, 15
194, 0.00985693, 0.177716, 0.264852, 0, 1, 15
195, 0.0098562, 0.205862, 0.264411, 0, 1, 15
196, 0.00985548, 0.475622, 0.268081, 0, 1, 15
197, 0.00985475, 0.307496, 0.268771, 0, 1, 15
198, 0.00985403, 0.285747, 0.269307, 0, 1, 15
199, 0.0098533, 0.298737, 0.270607, 0, 1, 15
200, 0.00985258, 0.154994, 0.269968, 0, 1, 15
201, 0.00985185, 0.225548, 0.26924, 0, 1, 15
202, 0.00985113, 0.403351, 0.27131, 0, 1, 15
203, 0.0098504, 0.449895, 0.273971, 0, 1, 15
204, 0.00984968, 0.359046, 0.275265, 0, 1, 15
205, 0.00984896, 0.321629, 0.277119, 0, 1, 15
206, 0.00984823, 0.206477, 0.275731, 0, 1, 15
207, 0.00984751, 0.123939, 0.271254, 0, 1, 15
208, 0.00984679, 0.182337, 0.269137, 0, 1, 15
209, 0.00984606, 0.221762, 0.267234, 0, 1, 15
210, 0.00984534, 0.115033, 0.266879, 0, 1, 15
211, 0.00984462, 0.239785, 0.266279, 0, 1, 15
212, 0.00984389, 0.0784772, 0.264016, 0, 1, 15
213, 0.00984317, 0.310971, 0.2633, 0, 1, 15
214, 0.00984245, 0.353294, 0.263677, 0, 1, 15
215, 0.00984172, 0.156228, 0.263326, 0, 1, 15
216, 0.009841, 0.217444, 0.263557, 0, 1, 15
217, 0.00984028, 0.150644, 0.262401, 0, 1, 15
218, 0.00983956, 0.338835, 0.263412, 0, 1, 15
219, 0.00983884, 0.210246, 0.26333, 0, 1, 15
220, 0.00983811, 0.198659, 0.262889, 0, 1, 15
221, 0.00983739, 0.143283, 0.262276, 0, 1, 15
222, 0.00983667, 0.19824, 0.261305, 0, 1, 15
223, 0.00983595, 0.275454, 0.26072, 0, 1, 15
224, 0.00983523, 0.315825, 0.261767, 0, 1, 15
225, 0.0098345, 0.106584, 0.26075, 0, 1, 15
226, 0.00983378, 0.158256, 0.258491, 0, 1, 15
227, 0.00983306, 0.237738, 0.259322, 0, 1, 15
228, 0.00983234, 0.161766, 0.255299, 0, 1, 15
229, 0.00983162, 0.295294, 0.256096, 0, 1, 15
230, 0.0098309, 0.383133, 0.258437, 0, 1, 15
231, 0.00983018, 0.313118, 0.259246, 0, 1, 15
232, 0.00982946, 0.160983, 0.25718, 0, 1, 15
233, 0.00982874, 0.130799, 0.256606, 0, 1, 15
234, 0.00982802, 0.138476, 0.256341, 0, 1, 15
235, 0.0098273, 0.112499, 0.253915, 0, 1, 15
236, 0.00982658, 0.361779, 0.252196, 0, 1, 15
237, 0.00982586, 0.158947, 0.250371, 0, 1, 15
238, 0.00982514, 0.154063, 0.247029, 0, 1, 15
239, 0.00982442, 0.170793, 0.245331, 0, 1, 15
240, 0.0098237, 0.175116, 0.245522, 0, 1, 15
241, 0.00982298, 0.104025, 0.245499, 0, 1, 15
242, 0.00982226, 0.149958, 0.243003, 0, 1, 15
243, 0.00982154, 0.114736, 0.242604, 0, 1, 15
244, 0.00982082, 0.0920797, 0.240571, 0, 1, 15
245, 0.0098201, 0.207402, 0.239352, 0, 1, 15
246, 0.00981938, 0.260741, 0.23926, 0, 1, 15
247, 0.00981866, 0.193626, 0.236993, 0, 1, 15
248, 0.00981795, 0.206612, 0.236913, 0, 1, 15
249, 0.00981723, 0.33182, 0.236684, 0, 1, 15
250, 0.00981651, 0.285032, 0.236592, 0, 1, 15
251, 0.00981579, 0.131668, 0.236888, 0, 1, 15
252, 0.00981507, 0.0635724, 0.233859, 0, 1, 15
253, 0.00981435, 0.113289, 0.234056, 0, 1, 15
254, 0.00981364, 0.121124, 0.233323, 0, 1, 15
255, 0.00981292, 0.143182, 0.232701, 0, 1, 15
256, 0.0098122, 0.0860177, 0.230641, 0, 1, 15
257, 0.00981149, 0.145636, 0.23018, 0, 1, 15
258, 0.00981077, 0.244637, 0.230489, 0, 1, 15
259, 0.00981005, 0.0656561, 0.22529, 0, 1, 15
260, 0.00980933, 0.282416, 0.224574, 0, 1, 15
261, 0.00980862, 0.205798, 0.224957, 0, 1, 15
262, 0.0098079, 0.141114, 0.225088, 0, 1, 15
263, 0.00980718, 0.129982, 0.222533, 0, 1, 15
264, 0.00980647, 0.173785, 0.222075, 0, 1, 15
265, 0.00980575, 0.212871, 0.221479, 0, 1, 15
266, 0.00980503, 0.176976, 0.220892, 0, 1, 15
267, 0.00980432, 0.153609, 0.217612, 0, 1, 15
268, 0.0098036, 0.131539, 0.216576, 0, 1, 15
269, 0.00980288, 0.194559, 0.216073, 0, 1, 15
270, 0.00980217, 0.0699504, 0.214621, 0, 1, 15
271, 0.00980145, 0.139975, 0.212099, 0, 1, 15
272, 0.00980074, 0.0816438, 0.21074, 0, 1, 15
273, 0.00980002, 0.204314, 0.210383, 0, 1, 15
274, 0.00979931, 0.314767, 0.211484, 0, 1, 15
275, 0.00979859, 0.122768, 0.209858, 0, 1, 15
276, 0.00979787, 0.193905, 0.210215, 0, 1, 15
277, 0.00979716, 0.15503, 0.210177, 0, 1, 15
278, 0.00979645, 0.2255, 0.21097, 0, 1, 15
279, 0.00979573, 0.127653, 0.210599, 0, 1, 15
280, 0.00979502, 0.0904652, 0.206869, 0, 1, 15
281, 0.0097943, 0.162958, 0.204881, 0, 1, 15
282, 0.00979359, 0.092211, 0.20144, 0, 1, 15
283, 0.00979287, 0.0738231, 0.198878, 0, 1, 15
284, 0.00979216, 0.0519709, 0.197944, 0, 1, 15
285, 0.00979144, 0.0794112, 0.19566, 0, 1, 15
286, 0.00979073, 0.151921, 0.195856, 0, 1, 15
287, 0.00979002, 0.135678, 0.195596, 0, 1, 15
288, 0.0097893, 0.150779, 0.194199, 0, 1, 15
289, 0.00978859, 0.0805525, 0.193481, 0, 1, 15
290, 0.00978788, 0.173797, 0.192726, 0, 1, 15
291, 0.00978716, 0.113388, 0.191757, 0, 1, 15
292, 0.00978645, 0.0939214, 0.190746, 0, 1, 15
293, 0.00978574, 0.0733124, 0.189451, 0, 1, 15
294, 0.00978502, 0.0945605, 0.188619, 0, 1, 15
295, 0.00978431, 0.0396843, 0.186958, 0, 1, 15
296, 0.0097836, 0.0585367, 0.182787, 0, 1, 15
297, 0.00978289, 0.111628, 0.180828, 0, 1, 15
298, 0.00978217, 0.242706, 0.180398, 0, 1, 15
299, 0.00978146, 0.120224, 0.178613, 0, 1, 15
300, 0.00978075, 0.164117, 0.178704, 0, 1, 15
301, 0.00978004, 0.07551, 0.177203, 0, 1, 15
302, 0.00977932, 0.250584, 0.175676, 0, 1, 15
303, 0.00977861, 0.17566, 0.172933, 0, 1, 15
304, 0.0097779, 0.152091, 0.170864, 0, 1, 15
305, 0.00977719, 0.110838, 0.168756, 0, 1, 15
306, 0.00977648, 0.0763542, 0.167455, 0, 1, 15
307, 0.00977577, 0.0387744, 0.166603, 0, 1, 15
308, 0.00977505, 0.0310831, 0.165091, 0, 1, 15
309, 0.00977434, 0.194122, 0.164814, 0, 1, 15
310, 0.00977363, 0.0698375, 0.164362, 0, 1, 15
311, 0.00977292, 0.153448, 0.163499, 0, 1, 15
312, 0.00977221, 0.2007, 0.164721, 0, 1, 15
313, 0.0097715, 0.234996, 0.163961, 0, 1, 15
314, 0.00977079, 0.0603415, 0.161032, 0, 1, 15
315, 0.00977008, 0.230341, 0.161773, 0, 1, 15
316, 0.00976937, 0.180078, 0.161399, 0, 1, 15
317, 0.00976866, 0.108051, 0.160973, 0, 1, 15
318, 0.00976795, 0.0636171, 0.158221, 0, 1, 15
319, 0.00976724, 0.0728987, 0.156848, 0, 1, 15
320, 0.00976653, 0.0896211, 0.155757, 0, 1, 15
321, 0.00976582, 0.196525, 0.15629, 0, 1, 15
322, 0.00976511, 0.107703, 0.155384, 0, 1, 15
323, 0.0097644, 0.310952, 0.155739, 0, 1, 15
324, 0.00976369, 0.218999, 0.154771, 0, 1, 15
325, 0.00976298, 0.132063, 0.155026, 0, 1, 15
326, 0.00976227, 0.172954, 0.155173, 0, 1, 15
327, 0.00976156, 0.150924, 0.154305, 0, 1, 15
328, 0.00976085, 0.181808, 0.154505, 0, 1, 15
329, 0.00976015, 0.146293, 0.153015, 0, 1, 15
330, 0.00975944, 0.139035, 0.150574, 0, 1, 15
331, 0.00975873, 0.134117, 0.148784, 0, 1, 15
332, 0.00975802, 0.139255, 0.148567, 0, 1, 15
333, 0.00975731, 0.146547, 0.148724, 0, 1, 15
334, 0.0097566, 0.156893, 0.148908, 0, 1, 15
335, 0.0097559, 0.0992179, 0.148776, 0, 1, 15
336, 0.00975519, 0.111795, 0.146276, 0, 1, 15
337, 0.00975448, 0.206812, 0.146754, 0, 1, 15
338, 0.00975377, 0.0628751, 0.145843, 0, 1, 15
339, 0.00975306, 0.11141, 0.145249, 0, 1, 15
340, 0.00975236, 0.0417083, 0.143915, 0, 1, 15
341, 0.00975165, 0.0701471, 0.143576, 0, 1, 15
342, 0.00975094, 0.116573, 0.143242, 0, 1, 15
343, 0.00975024, 0.191805, 0.144013, 0, 1, 15
344, 0.00974953, 0.0728797, 0.143821, 0, 1, 15
345, 0.00974882, 0.186721, 0.143614, 0, 1, 15
346, 0.00974811, 0.257581, 0.143582, 0, 1, 15
347, 0.00974741, 0.11446, 0.142791, 0, 1, 15
348, 0.0097467, 0.150646, 0.142231, 0, 1, 15
349, 0.009746, 0.0187042, 0.1391, 0, 1, 15
350, 0.00974529, 0.101379, 0.137263, 0, 1, 15
351, 0.00974458, 0.10322, 0.136979, 0, 1, 15
352, 0.00974388, 0.25679, 0.138911, 0, 1, 15
353, 0.00974317, 0.165867, 0.139437, 0, 1, 15
354, 0.00974246, 0.0825498, 0.139051, 0, 1, 15
355, 0.00974176, 0.145573, 0.139075, 0, 1, 15
356, 0.00974105, 0.100667, 0.139222, 0, 1, 15
357, 0.00974035, 0.0630085, 0.138395, 0, 1, 15
358, 0.00973964, 0.028462, 0.136233, 0, 1, 15
359, 0.00973894, 0.109665, 0.136674, 0, 1, 15
360, 0.00973823, 0.230517, 0.136155, 0, 1, 15
361, 0.00973753, 0.156053, 0.135657, 0, 1, 15
362, 0.00973682, 0.145627, 0.135702, 0, 1, 15
363, 0.00973612, 0.0206089, 0.134609, 0, 1, 15
364, 0.00973541, 0.050546, 0.133376, 0, 1, 15
365, 0.00973471, 0.106539, 0.132313, 0, 1, 15
366, 0.00973401, 0.0789785, 0.131333, 0, 1, 15
367, 0.0097333, 0.0637345, 0.130434, 0, 1, 15
368, 0.0097326, 0.122554, 0.130344, 0, 1, 15
369, 0.00973189, 0.157945, 0.129978, 0, 1, 15
370, 0.00973119, 0.168824, 0.130967, 0, 1, 15
371, 0.00973049, 0.0456011, 0.130023, 0, 1, 15
372, 0.00972978, 0.187806, 0.131085, 0, 1, 15
373, 0.00972908, 0.152737, 0.130569, 0, 1, 15
374, 0.00972837, 0.178791, 0.129209, 0, 1, 15
375, 0.00972767, 0.144124, 0.129423, 0, 1, 15
376, 0.00972697, 0.0937976, 0.128422, 0, 1, 15
377, 0.00972627, 0.0510109, 0.127382, 0, 1, 15
378, 0.00972556, 0.142413, 0.126551, 0, 1, 15
379, 0.00972486, 0.141974, 0.126694, 0, 1, 15
380, 0.00972416, 0.0251013, 0.12604, 0, 1, 15
381, 0.00972345, 0.125549, 0.125666, 0, 1, 15
382, 0.00972275, 0.0995419, 0.125739, 0, 1, 15
383, 0.00972205, 0.24066, 0.127408, 0, 1, 15
384, 0.00972135, 0.167801, 0.128566, 0, 1, 15
385, 0.00972065, 0.0974732, 0.128747, 0, 1, 15
386, 0.00971994, 0.12674, 0.128495, 0, 1, 15
387, 0.00971924, 0.305456, 0.130193, 0, 1, 15
388, 0.00971854, 0.082646, 0.129511, 0, 1, 15
389, 0.00971784, 0.158206, 0.130288, 0, 1, 15
390, 0.00971714, 0.0798467, 0.129348, 0, 1, 15
391, 0.00971644, 0.048167, 0.128696, 0, 1, 15
392, 0.00971573, 0.134686, 0.129104, 0, 1, 15
393, 0.00971503, 0.127887, 0.12965, 0, 1, 15
394, 0.00971433, 0.0799653, 0.129504, 0, 1, 15
395, 0.00971363, 0.138848, 0.130495, 0, 1, 15
396, 0.00971293, 0.0380465, 0.13029, 0, 1, 15
397, 0.00971223, 0.0183557, 0.129358, 0, 1, 15
398, 0.00971153, 0.0615627, 0.127546, 0, 1, 15
399, 0.00971083, 0.225695, 0.128601, 0, 1, 15
400, 0.00971013, 0.0763856, 0.127724, 0, 1, 15
401, 0.00970943, 0.144439, 0.128413, 0, 1, 15
402, 0.00970873, 0.0791484, 0.126699, 0, 1, 15
403, 0.00970803, 0.193852, 0.12688, 0, 1, 15
404, 0.00970733, 0.0792495, 0.126152, 0, 1, 15
405, 0.00970663, 0.0760502, 0.125804, 0, 1, 15
406, 0.00970593, 0.0558726, 0.125599, 0, 1, 15
407, 0.00970523, 0.107041, 0.126282, 0, 1, 15
408, 0.00970453, 0.0497231, 0.126468, 0, 1, 15
409, 0.00970383, 0.0380788, 0.124908, 0, 1, 15
410, 0.00970313, 0.11079, 0.125317, 0, 1, 15
411, 0.00970243, 0.130433, 0.125087, 0, 1, 15
412, 0.00970173, 0.227482, 0.125355, 0, 1, 15
413, 0.00970103, 0.100576, 0.124011, 0, 1, 15
414, 0.00970034, 0.15106, 0.124918, 0, 1, 15
415, 0.00969964, 0.188156, 0.124496, 0, 1, 15
416, 0.00969894, 0.317244, 0.125868, 0, 1, 15
417, 0.00969824, 0.286683, 0.127654, 0, 1, 15
418, 0.00969754, 0.102719, 0.128045, 0, 1, 15
419, 0.00969684, 0.126091, 0.128577, 0, 1, 15
420, 0.00969615, 0.205518, 0.129736, 0, 1, 15
421, 0.00969545, 0.0248639, 0.12802, 0, 1, 15
422, 0.00969475, 0.0650696, 0.127593, 0, 1, 15
423, 0.00969405, 0.130532, 0.125789, 0, 1, 15
424, 0.00969336, 0.265845, 0.126258, 0, 1, 15
425, 0.00969266, 0.245365, 0.127391, 0, 1, 15
426, 0.00969196, 0.054204, 0.126203, 0, 1, 15
427, 0.00969126, 0.0495188, 0.125189, 0, 1, 15
428, 0.00969057, 0.069782, 0.124069, 0, 1, 15
429, 0.00968987, 0.160654, 0.124212, 0, 1, 15
430, 0.00968917, 0.145016, 0.124272, 0, 1, 15
431, 0.00968848, 0.130491, 0.124236, 0, 1, 15
432, 0.00968778, 0.132935, 0.124173, 0, 1, 15
433, 0.00968708, 0.0640411, 0.123348, 0, 1, 15
434, 0.00968639, 0.12947, 0.123073, 0, 1, 15
435, 0.00968569, 0.105259, 0.123134, 0, 1, 15
436, 0.009685, 0.0702409, 0.122718, 0, 1, 15
437, 0.0096843, 0.121693, 0.121867, 0, 1, 15
438, 0.0096836, 0.0288189, 0.121527, 0, 1, 15
439, 0.00968291, 0.18562, 0.122269, 0, 1, 15
440, 0.00968221, 0.0922972, 0.122775, 0, 1, 15
441, 0.00968152, 0.0882276, 0.122955, 0, 1, 15
442, 0.00968082, 0.0675484, 0.122465, 0, 1, 15
443, 0.00968013, 0.354815, 0.124095, 0, 1, 15
444, 0.00967943, 0.100036, 0.124367, 0, 1, 15
445, 0.00967874, 0.0970597, 0.12347, 0, 1, 15
446, 0.00967804, 0.131981, 0.122214, 0, 1, 15
447, 0.00967735, 0.329088, 0.12436, 0, 1, 15
448, 0.00967665, 0.183293, 0.124687, 0, 1, 15
449, 0.00967596, 0.131377, 0.125814, 0, 1, 15
450, 0.00967526, 0.0886143, 0.125686, 0, 1, 15
451, 0.00967457, 0.0403078, 0.125057, 0, 1, 15
452, 0.00967387, 0.108897, 0.123578, 0, 1, 15
453, 0.00967318, 0.095016, 0.122869, 0, 1, 15
454, 0.00967249, 0.109105, 0.123135, 0, 1, 15
455, 0.00967179, 0.144755, 0.123127, 0, 1, 15
456, 0.0096711, 0.147512, 0.123595, 0, 1, 15
457, 0.00967041, 0.0975648, 0.123941, 0, 1, 15
458, 0.00966971, 0.11181, 0.124774, 0, 1, 15
459, 0.00966902, 0.108719, 0.124765, 0, 1, 15
460, 0.00966833, 0.0438905, 0.122899, 0, 1, 15
461, 0.00966763, 0.05058, 0.121844, 0, 1, 15
462, 0.00966694, 0.0722612, 0.12111, 0, 1, 15
463, 0.00966625, 0.114706, 0.122051, 0, 1, 15
464, 0.00966555, 0.232636, 0.123872, 0, 1, 15
465, 0.00966486, 0.078681, 0.123593, 0, 1, 15
466, 0.00966417, 0.165697, 0.124461, 0, 1, 15
467, 0.00966347, 0.0976902, 0.1248, 0, 1, 15
468, 0.00966278, 0.146056, 0.125035, 0, 1, 15
469, 0.00966209, 0.154025, 0.124996, 0, 1, 15
470, 0.0096614, 0.101045, 0.124318, 0, 1, 15
471, 0.00966071, 0.112324, 0.124985, 0, 1, 15
472, 0.00966001, 0.0399219, 0.123507, 0, 1, 15
473, 0.00965932, 0.0821643, 0.122801, 0, 1, 15
474, 0.00965863, 0.0431419, 0.121444, 0, 1, 15
475, 0.00965794, 0.0819594, 0.120823, 0, 1, 15
476, 0.00965725, 0.199433, 0.121879, 0, 1, 15
477, 0.00965656, 0.0862351, 0.122231, 0, 1, 15
478, 0.00965587, 0.181212, 0.122619, 0, 1, 15
479, 0.00965517, 0.137173, 0.122571, 0, 1, 15
480, 0.00965448, 0.0734242, 0.123055, 0, 1, 15
481, 0.00965379, 0.0779619, 0.122579, 0, 1, 15
482, 0.0096531, 0.108214, 0.122665, 0, 1, 15
483, 0.00965241, 0.133676, 0.121596, 0, 1, 15
484, 0.00965172, 0.0788273, 0.120706, 0, 1, 15
485, 0.00965103, 0.069841, 0.120429, 0, 1, 15
486, 0.00965034, 0.124899, 0.120411, 0, 1, 15
487, 0.00964965, 0.14582, 0.118815, 0, 1, 15
488, 0.00964896, 0.120468, 0.119193, 0, 1, 15
489, 0.00964827, 0.262277, 0.120234, 0, 1, 15
490, 0.00964758, 0.0729254, 0.120164, 0, 1, 15
491, 0.00964689, 0.112793, 0.120811, 0, 1, 15
492, 0.0096462, 0.0734032, 0.120198, 0, 1, 15
493, 0.00964551, 0.153524, 0.120454, 0, 1, 15
494, 0.00964482, 0.116505, 0.12082, 0, 1, 15
495, 0.00964413, 0.208476, 0.121516, 0, 1, 15
496, 0.00964344, 0.158377, 0.122719, 0, 1, 15
497, 0.00964275, 0.116158, 0.123697, 0, 1, 15
498, 0.00964206, 0.0549031, 0.123631, 0, 1, 15
499, 0.00964138, 0.111209, 0.122486, 0, 1, 15
500, 0.00964069, 0.0941064, 0.122663, 0.0934052, 1, 15
501, 0.00964, 0.138748, 0.122606, 0, 1, 15
502, 0.00963931, 0.0914331, 0.122729, 0, 1, 15
503, 0.00963862, 0.0605636, 0.121396, 0, 1, 15
504, 0.00963793, 0.0701635, 0.121305, 0, 1, 15
505, 0.00963725, 0.133273, 0.121877, 0, 1, 15
506, 0.00963656, 0.155088, 0.12287, 0, 1, 15
507, 0.00963587, 0.134409, 0.123143, 0, 1, 15
508, 0.00963518, 0.0840101, 0.123486, 0, 1, 15
509, 0.00963449, 0.0158921, 0.123264, 0, 1, 15
510, 0.00963381, 0.0846227, 0.123003, 0, 1, 15
511, 0.00963312, 0.0735049, 0.122433, 0, 1, 15
512, 0.00963243, 0.178991, 0.121948, 0, 1, 15
513, 0.00963174, 0.160989, 0.122553, 0, 1, 15
514, 0.00963106, 0.0823396, 0.121865, 0, 1, 15
515, 0.00963037, 0.0678349, 0.120662, 0, 1, 15
516, 0.00962968, 0.106587, 0.118556, 0, 1, 15
517, 0.009629, 0.124031, 0.116929, 0, 1, 15
518, 0.00962831, 0.0825227, 0.116727, 0, 1, 15
519, 0.00962762, 0.114279, 0.116609, 0, 1, 15
520, 0.00962694, 0.122212, 0.115776, 0, 1, 15
521, 0.00962625, 0.0994637, 0.116522, 0, 1, 15
522, 0.00962557, 0.0877924, 0.116749, 0, 1, 15
523, 0.00962488, 0.0697699, 0.116141, 0, 1, 15
524, 0.00962419, 0.0700217, 0.114183, 0, 1, 15
525, 0.00962351, 0.0560145, 0.11229, 0, 1, 15
526, 0.00962282, 0.0449852, 0.112198, 0, 1, 15
527, 0.00962214, 0.192451, 0.113627, 0, 1, 15
528, 0.00962145, 0.0288634, 0.113218, 0, 1, 15
529, 0.00962077, 0.0461552, 0.112073, 0, 1, 15
530, 0.00962008, 0.0359714, 0.110982, 0, 1, 15
531, 0.0096194, 0.0656827, 0.110334, 0, 1, 15
532, 0.00961871, 0.0546753, 0.109552, 0, 1, 15
533, 0.00961803, 0.0145544, 0.109057, 0, 1, 15
534, 0.00961734, 0.0726039, 0.108488, 0, 1, 15
535, 0.00961666, 0.0228675, 0.107664, 0, 1, 15
536, 0.00961597, 0.0466339, 0.107428, 0, 1, 15
537, 0.00961529, 0.149731, 0.107708, 0, 1, 15
538, 0.0096146, 0.0764933, 0.108185, 0, 1, 15
539, 0.00961392, 0.177888, 0.108108, 0, 1, 15
540, 0.00961323, 0.0508865, 0.107694, 0, 1, 15
541, 0.00961255, 0.201254, 0.108824, 0, 1, 15
542, 0.00961187, 0.157839, 0.109727, 0, 1, 15
543, 0.00961118, 0.10031, 0.107182, 0, 1, 15
544, 0.0096105, 0.218044, 0.108362, 0, 1, 15
545, 0.00960982, 0.133995, 0.108731, 0, 1, 15
546, 0.00960913, 0.0241879, 0.107653, 0, 1, 15
547, 0.00960845, 0.0888337, 0.105251, 0, 1, 15
548, 0.00960777, 0.0360665, 0.103779, 0, 1, 15
549, 0.00960708, 0.119284, 0.103658, 0, 1, 15
550, 0.0096064, 0.113026, 0.103902, 0, 1, 15
551, 0.00960572, 0.0646653, 0.104145, 0, 1, 15
552, 0.00960503, 0.0274909, 0.103331, 0, 1, 15
553, 0.00960435, 0.0881297, 0.103262, 0, 1, 15
554, 0.00960367, 0.19787, 0.10415, 0, 1, 15
555, 0.00960299, 0.0509197, 0.103212, 0, 1, 15
556, 0.0096023, 0.173809, 0.103475, 0, 1, 15
557, 0.00960162, 0.064978, 0.103149, 0, 1, 15
558, 0.00960094, 0.0398172, 0.102429, 0, 1, 15
559, 0.00960026, 0.03179, 0.10166, 0, 1, 15
560, 0.00959958, 0.169039, 0.102911, 0, 1, 15
561, 0.00959889, 0.0623164, 0.103028, 0, 1, 15
562, 0.00959821, 0.0984719, 0.103291, 0, 1, 15
563, 0.00959753, 0.188026, 0.104024, 0, 1, 15
564, 0.00959685, 0.175973, 0.103457, 0, 1, 15
565, 0.00959617, 0.100161, 0.103672, 0, 1, 15
566, 0.00959549, 0.0734629, 0.10275, 0, 1, 15
567, 0.00959481, 0.0349637, 0.102122, 0, 1, 15
568, 0.00959413, 0.0996198, 0.101658, 0, 1, 15
569, 0.00959344, 0.148263, 0.1016, 0, 1, 15
570, 0.00959276, 0.0430031, 0.10102, 0, 1, 15
571, 0.00959208, 0.0702753, 0.100599, 0, 1, 15
572, 0.0095914, 0.0353257, 0.100553, 0, 1, 15
573, 0.00959072, 0.140003, 0.101132, 0, 1, 15
574, 0.00959004, 0.113245, 0.101833, 0, 1, 15
575, 0.00958936, 0.104883, 0.102062, 0, 1, 15
576, 0.00958868, 0.0794099, 0.100862, 0, 1, 15
577, 0.009588, 0.0701966, 0.100701, 0, 1, 15
578, 0.00958732, 0.17555, 0.100645, 0, 1, 15
579, 0.00958664, 0.181672, 0.10109, 0, 1, 15
580, 0.00958596, 0.0761159, 0.101117, 0, 1, 15
581, 0.00958528, 0.0274601, 0.100612, 0, 1, 15
582, 0.0095846, 0.108633, 0.100616, 0, 1, 15
583, 0.00958392, 0.147408, 0.100753, 0, 1, 15
584, 0.00958325, 0.219136, 0.102156, 0, 1, 15
585, 0.00958257, 0.222885, 0.103687, 0, 1, 15
586, 0.00958189, 0.179999, 0.104238, 0, 1, 15
587, 0.00958121, 0.101201, 0.103792, 0, 1, 15
588, 0.00958053, 0.0765688, 0.103353, 0, 1, 15
589, 0.00957985, 0.196847, 0.102698, 0, 1, 15
590, 0.00957917, 0.10548, 0.103024, 0, 1, 15
591, 0.00957849, 0.0992547, 0.102888, 0, 1, 15
592, 0.00957782, 0.0637623, 0.102792, 0, 1, 15
593, 0.00957714, 0.0857406, 0.102114, 0, 1, 15
594, 0.00957646, 0.0661952, 0.101611, 0, 1, 15
595, 0.00957578, 0.0547372, 0.100074, 0, 1, 15
596, 0.0095751, 0.0416224, 0.0989062, 0, 1, 15
597, 0.00957443, 0.0502279, 0.0982469, 0, 1, 15
598, 0.00957375, 0.10007, 0.0986986, 0, 1, 15
599, 0.00957307, 0.186556, 0.099452, 0, 1, 15
600, 0.0095724, 0.0909413, 0.0994204, 0, 1, 15
601, 0.00957172, 0.0758706, 0.0987916, 0, 1, 15
602, 0.00957104, 0.0685042, 0.0985623, 0, 1, 15
603, 0.00957036, 0.11183, 0.099075, 0, 1, 15
604, 0.00956969, 0.109179, 0.0994651, 0, 1, 15
605, 0.00956901, 0.126648, 0.0993989, 0, 1, 15
606, 0.00956833, 0.021256, 0.0980606, 0, 1, 15
607, 0.00956766, 0.033916, 0.0970556, 0, 1, 15
608, 0.00956698, 0.0832716, 0.0970483, 0, 1, 15
609, 0.0095663, 0.109869, 0.097988, 0, 1, 15
610, 0.00956563, 0.0118938, 0.0972607, 0, 1, 15
611, 0.00956495, 0.0798824, 0.0973245, 0, 1, 15
612, 0.00956427, 0.0975518, 0.0965101, 0, 1, 15
613, 0.0095636, 0.126288, 0.0961631, 0, 1, 15
614, 0.00956292, 0.184572, 0.0971854, 0, 1, 15
615, 0.00956225, 0.150941, 0.0980165, 0, 1, 15
616, 0.00956157, 0.157962, 0.0985302, 0, 1, 15
617, 0.0095609, 0.0391201, 0.0976811, 0, 1, 15
618, 0.00956022, 0.065697, 0.0975129, 0, 1, 15
619, 0.00955955, 0.141173, 0.0977818, 0, 1, 15
620, 0.00955887, 0.102256, 0.0975823, 0, 1, 15
621, 0.0095582, 0.118455, 0.0977722, 0, 1, 15
622, 0.00955752, 0.105955, 0.0979538, 0, 1, 15
623, 0.00955685, 0.130626, 0.0985624, 0, 1, 15
624, 0.00955617, 0.145251, 0.0993146, 0, 1, 15
625, 0.0095555, 0.0791688, 0.0995462, 0, 1, 15
626, 0.00955482, 0.0319833, 0.0994162, 0, 1, 15
627, 0.00955415, 0.116413, 0.0986558, 0, 1, 15
628, 0.00955347, 0.0483857, 0.098851, 0, 1, 15
629, 0.0095528, 0.0874378, 0.0992638, 0, 1, 15
630, 0.00955213, 0.0664671, 0.0995688, 0, 1, 15
631, 0.00955145, 0.0420651, 0.0993326, 0, 1, 15
632, 0.00955078, 0.0364965, 0.0991508, 0, 1, 15
633, 0.0095501, 0.0615684, 0.099621, 0, 1, 15
634, 0.00954943, 0.102928, 0.0999242, 0, 1, 15
635, 0.00954876, 0.0636248, 0.100332, 0, 1, 15
636, 0.00954808, 0.171996, 0.101585, 0, 1, 15
637, 0.00954741, 0.0447942, 0.100536, 0, 1, 15
638, 0.00954674, 0.0702767, 0.100474, 0, 1, 15
639, 0.00954606, 0.0727934, 0.0994229, 0, 1, 15
640, 0.00954539, 0.153638, 0.10045, 0, 1, 15
641, 0.00954472, 0.0929572, 0.0993675, 0, 1, 15
642, 0.00954405, 0.044049, 0.0982296, 0, 1, 15
643, 0.00954337, 0.0900017, 0.0981265, 0, 1, 15
644, 0.0095427, 0.160941, 0.0975555, 0, 1, 15
645, 0.00954203, 0.193311, 0.0981486, 0, 1, 15
646, 0.00954136, 0.0768816, 0.0986756, 0, 1, 15
647, 0.00954068, 0.149036, 0.0992776, 0, 1, 15
648, 0.00954001, 0.06887, 0.0996056, 0, 1, 15
649, 0.00953934, 0.142695, 0.0998397, 0, 1, 15
650, 0.00953867, 0.102744, 0.0997369, 0, 1, 15
651, 0.009538, 0.0477357, 0.0995676, 0, 1, 15
652, 0.00953733, 0.0685757, 0.0999785, 0, 1, 15
653, 0.00953665, 0.0686096, 0.0997833, 0, 1, 15
654, 0.00953598, 0.0726627, 0.0985312, 0, 1, 15
655, 0.00953531, 0.0500785, 0.0985228, 0, 1, 15
656, 0.00953464, 0.149382, 0.0982785, 0, 1, 15
657, 0.00953397, 0.0244278, 0.097873, 0, 1, 15
658, 0.0095333, 0.0647777, 0.0981226, 0, 1, 15
659, 0.00953263, 0.0577037, 0.0983817, 0, 1, 15
660, 0.00953196, 0.0213654, 0.096905, 0, 1, 15
661, 0.00953129, 0.119077, 0.0974726, 0, 1, 15
662, 0.00953062, 0.0544909, 0.0970328, 0, 1, 15
663, 0.00952995, 0.183168, 0.0969842, 0, 1, 15
664, 0.00952927, 0.161278, 0.0968373, 0, 1, 15
665, 0.00952861, 0.108136, 0.096917, 0, 1, 15
666, 0.00952794, 0.0598673, 0.0967811, 0, 1, 15
667, 0.00952727, 0.0736612, 0.097168, 0, 1, 15
668, 0.0095266, 0.0577552, 0.0967494, 0, 1, 15
669, 0.00952593, 0.208436, 0.0973511, 0, 1, 15
670, 0.00952526, 0.0841811, 0.0977629, 0, 1, 15
671, 0.00952459, 0.14994, 0.0985595, 0, 1, 15
672, 0.00952392, 0.0870959, 0.0990772, 0, 1, 15
673, 0.00952325, 0.133092, 0.0990081, 0, 1, 15
674, 0.00952258, 0.0453682, 0.0983294, 0, 1, 15
675, 0.00952191, 0.0571005, 0.0978515, 0, 1, 15
676, 0.00952124, 0.018904, 0.0972465, 0, 1, 15
677, 0.00952057, 0.038339, 0.0969279, 0, 1, 15
678, 0.0095199, 0.133255, 0.0965049, 0, 1, 15
679, 0.00951924, 0.0438203, 0.0951264, 0, 1, 15
680, 0.00951857, 0.102676, 0.095392, 0, 1, 15
681, 0.0095179, 0.0694275, 0.0958117, 0, 1, 15
682, 0.00951723, 0.158353, 0.0963089, 0, 1, 15
683, 0.00951656, 0.0104887, 0.0949397, 0, 1, 15
684, 0.00951589, 0.0942613, 0.093691, 0, 1, 15
685, 0.00951523, 0.104386, 0.092506, 0, 1, 15
686, 0.00951456, 0.0949885, 0.0916559, 0, 1, 15
687, 0.00951389, 0.105689, 0.0917008, 0, 1, 15
688, 0.00951322, 0.125543, 0.0921905, 0, 1, 15
689, 0.00951255, 0.0982717, 0.0912047, 0, 1, 15
690, 0.00951189, 0.0342582, 0.0904925, 0, 1, 15
691, 0.00951122, 0.0731567, 0.0902315, 0, 1, 15
692, 0.00951055, 0.0435953, 0.0900299, 0, 1, 15
693, 0.00950989, 0.110473, 0.0902772, 0, 1, 15
694, 0.00950922, 0.221886, 0.0918341, 0, 1, 15
695, 0.00950855, 0.099609, 0.0922828, 0, 1, 15
696, 0.00950789, 0.0327507, 0.0921941, 0, 1, 15
697, 0.00950722, 0.0504631, 0.0921965, 0, 1, 15
698, 0.00950655, 0.0305692, 0.0915015, 0, 1, 15
699, 0.00950589, 0.083715, 0.090473, 0, 1, 15
700, 0.00950522, 0.114769, 0.0907113, 0, 1, 15
701, 0.00950455, 0.0976081, 0.0909287, 0, 1, 15
702, 0.00950389, 0.0940753, 0.0911844, 0, 1, 15
703, 0.00950322, 0.0998867, 0.091065, 0, 1, 15
704, 0.00950256, 0.0556619, 0.0905298, 0, 1, 15
705, 0.00950189, 0.101157, 0.0902749, 0, 1, 15
706, 0.00950122, 0.0606731, 0.0906691, 0, 1, 15
707, 0.00950056, 0.0371552, 0.0907015, 0, 1, 15
708, 0.00949989, 0.0745925, 0.0906147, 0, 1, 15
709, 0.00949923, 0.160878, 0.0911248, 0, 1, 15
710, 0.00949856, 0.157059, 0.0925764, 0, 1, 15
711, 0.0094979, 0.0887732, 0.0926653, 0, 1, 15
712, 0.00949723, 0.158023, 0.09327, 0, 1, 15
713, 0.00949657, 0.0654397, 0.0926616, 0, 1, 15
714, 0.0094959, 0.0494834, 0.0913107, 0, 1, 15
715, 0.00949524, 0.156185, 0.0913631, 0, 1, 15
716, 0.00949457, 0.120362, 0.0909871, 0, 1, 15
717, 0.00949391, 0.0781524, 0.0913774, 0, 1, 15
718, 0.00949324, 0.12123, 0.0919328, 0, 1, 15
719, 0.00949258, 0.145678, 0.0919778, 0, 1, 15
720, 0.00949192, 0.115663, 0.0921119, 0, 1, 15
721, 0.00949125, 0.0795859, 0.0917232, 0, 1, 15
722, 0.00949059, 0.274704, 0.0934107, 0, 1, 15
723, 0.00948992, 0.203317, 0.0941376, 0, 1, 15
724, 0.00948926, 0.11445, 0.0938296, 0, 1, 15
725, 0.0094886, 0.19799, 0.0950178, 0, 1, 15
726, 0.00948793, 0.0557868, 0.0952558, 0, 1, 15
727, 0.00948727, 0.0653835, 0.0947455, 0, 1, 15
728, 0.00948661, 0.115028, 0.0954119, 0, 1, 15
729, 0.00948594, 0.0657818, 0.0951954, 0, 1, 15
730, 0.00948528, 0.185725, 0.096388, 0, 1, 15
731, 0.00948462, 0.0376844, 0.0963442, 0, 1, 15
732, 0.00948395, 0.0740677, 0.0967199, 0, 1, 15
733, 0.00948329, 0.0528951, 0.0966331, 0, 1, 15
734, 0.00948263, 0.131301, 0.0969169, 0, 1, 15
735, 0.00948197, 0.0315992, 0.0965966, 0, 1, 15
736, 0.0094813, 0.0876425, 0.0957531, 0, 1, 15
737, 0.00948064, 0.0781962, 0.0960871, 0, 1, 15
738, 0.00947998, 0.206698, 0.0974513, 0, 1, 15
739, 0.00947932, 0.110532, 0.0978287, 0, 1, 15
740, 0.00947866, 0.104173, 0.0973341, 0, 1, 15
741, 0.00947799, 0.182097, 0.0982255, 0, 1, 15
742, 0.00947733, 0.0365479, 0.0981504, 0, 1, 15
743, 0.00947667, 0.268202, 0.0999324, 0, 1, 15
744, 0.00947601, 0.0596718, 0.0989197, 0, 1, 15
745, 0.00947535, 0.162611, 0.0986128, 0, 1, 15
746, 0.00947469, 0.123495, 0.0990789, 0, 1, 15
747, 0.00947403, 0.0676157, 0.0982647, 0, 1, 15
748, 0.00947336, 0.10037, 0.0985797, 0, 1, 15
749, 0.0094727, 0.0647217, 0.0977999, 0, 1, 15
750, 0.00947204, 0.116616, 0.0979387, 0, 1, 15
751, 0.00947138, 0.142413, 0.0988855, 0, 1, 15
752, 0.00947072, 0.0259854, 0.0984595, 0, 1, 15
753, 0.00947006, 0.0291966, 0.0980654, 0, 1, 15
754, 0.0094694, 0.158088, 0.0989197, 0, 1, 15
755, 0.00946874, 0.0989353, 0.0994082, 0, 1, 15
756, 0.00946808, 0.0618943, 0.0985334, 0, 1, 15
757, 0.00946742, 0.0685582, 0.0989747, 0, 1, 15
758, 0.00946676, 0.0556529, 0.0988834, 0, 1, 15
759, 0.0094661, 0.172117, 0.100028, 0, 1, 15
760, 0.00946544, 0.0552634, 0.100367, 0, 1, 31
761, 0.00946478, 0.0253731, 0.0994295, 0, 1, 31
762, 0.00946412, 0.0407572, 0.0992922, 0, 1, 31
763, 0.00946346, 0.0153616, 0.0976141, 0, 1, 31
764, 0.0094628, 0.251629, 0.0985176, 0, 1, 31
765, 0.00946214, 0.249841, 0.0999346, 0, 1, 31
766, 0.00946148, 0.115544, 0.100491, 0, 1, 31
767, 0.00946082, 0.0489444, 0.100244, 0, 1, 31
768, 0.00946017, 0.156188, 0.101229, 0, 1, 31
769, 0.00945951, 0.0362325, 0.0995065, 0, 1, 31
770, 0.00945885, 0.044499, 0.0991097, 0, 1, 31
771, 0.00945819, 0.0425231, 0.0980355, 0, 1, 31
772, 0.00945753, 0.071621, 0.0978808, 0, 1, 31
773, 0.00945687, 0.169291, 0.0982428, 0, 1, 31
774, 0.00945621, 0.273596, 0.100525, 0, 1, 31
775, 0.00945556, 0.125033, 0.101204, 0, 1, 31
776, 0.0094549, 0.0782192, 0.101798, 0, 1, 31
777, 0.00945424, 0.0297936, 0.101712, 0, 1, 31
778, 0.00945358, 0.106486, 0.101444, 0, 1, 31
779, 0.00945292, 0.461782, 0.105624, 0, 1, 31
780, 0.00945227, 0.109447, 0.105692, 0, 1, 31
781, 0.00945161, 0.0381282, 0.105379, 0, 1, 31
782, 0.00945095, 0.0418736, 0.104214, 0, 1, 31
783, 0.00945029, 0.0422306, 0.104531, 0, 1, 31
784, 0.00944964, 0.175636, 0.105345, 0, 1, 31
785, 0.00944898, 0.0593747, 0.104895, 0, 1, 31
786, 0.00944832, 0.136585, 0.105311, 0, 1, 31
787, 0.00944766, 0.275258, 0.107007, 0, 1, 31
788, 0.00944701, 0.10814, 0.106833, 0, 1, 31
789, 0.00944635, 0.201926, 0.107869, 0, 1, 31
790, 0.0094457, 0.0759911, 0.108286, 0, 1, 31
791, 0.00944504, 0.123762, 0.108793, 0, 1, 31
792, 0.00944438, 0.177897, 0.110136, 0, 1, 31
793, 0.00944373, 0.149957, 0.11053, 0, 1, 31
794, 0.00944307, 0.138869, 0.1097, 0, 1, 31
795, 0.00944241, 0.126611, 0.10997, 0, 1, 31
796, 0.00944176, 0.0459229, 0.110102, 0, 1, 31
797, 0.0094411, 0.0485801, 0.110083, 0, 1, 31
798, 0.00944045, 0.0649449, 0.110427, 0, 1, 31
799, 0.00943979, 0.0724235, 0.110314, 0, 1, 31
800, 0.00943913, 0.240447, 0.111571, 0, 1, 31
801, 0.00943848, 0.221716, 0.112812, 0, 1, 31
802, 0.00943782, 0.106548, 0.112937, 0, 1, 31
803, 0.00943717, 0.0299553, 0.112237, 0, 1, 31
804, 0.00943651, 0.0343179, 0.112024, 0, 1, 31
805, 0.00943586, 0.0749101, 0.111761, 0, 1, 31
806, 0.0094352, 0.0556315, 0.111711, 0, 1, 31
807, 0.00943455, 0.0713553, 0.112053, 0, 1, 31
808, 0.00943389, 0.175068, 0.113058, 0, 1, 31
809, 0.00943324, 0.0272938, 0.111722, 0, 1, 31
810, 0.00943258, 0.0791649, 0.110943, 0, 1, 31
811, 0.00943193, 0.168407, 0.111739, 0, 1, 31
812, 0.00943128, 0.165518, 0.111814, 0, 1, 31
813, 0.00943062, 0.105241, 0.112212, 0, 1, 31
814, 0.00942997, 0.108885, 0.112806, 0, 1, 31
815, 0.00942931, 0.128193, 0.112526, 0, 1, 31
816, 0.00942866, 0.132869, 0.112651, 0, 1, 31
817, 0.00942801, 0.0644589, 0.112514, 0, 1, 31
818, 0.00942735, 0.0244189, 0.111546, 0, 1, 31
819, 0.0094267, 0.0573092, 0.110663, 0, 1, 31
820, 0.00942605, 0.0208247, 0.109714, 0, 1, 31
821, 0.00942539, 0.0277042, 0.109195, 0, 1, 31
822, 0.00942474, 0.02581, 0.106706, 0, 1, 31
823, 0.00942409, 0.106753, 0.105741, 0, 1, 31
824, 0.00942343, 0.0450909, 0.105047, 0, 1, 31
825, 0.00942278, 0.15497, 0.104617, 0, 1, 31
826, 0.00942213, 0.17338, 0.105793, 0, 1, 31
827, 0.00942147, 0.32469, 0.108386, 0, 1, 31
828, 0.00942082, 0.0658989, 0.107895, 0, 1, 31
829, 0.00942017, 0.0568958, 0.107806, 0, 1, 31
830, 0.00941952, 0.087287, 0.106822, 0, 1, 31
831, 0.00941887, 0.150475, 0.107949, 0, 1, 31
832, 0.00941821, 0.0167944, 0.107377, 0, 1, 31
833, 0.00941756, 0.0695872, 0.107544, 0, 1, 31
834, 0.00941691, 0.0335736, 0.106566, 0, 1, 31
835, 0.00941626, 0.0878186, 0.107129, 0, 1, 31
836, 0.00941561, 0.0670329, 0.106922, 0, 1, 31
837, 0.00941495, 0.128792, 0.107428, 0, 1, 31
838, 0.0094143, 0.140584, 0.106767, 0, 1, 31
839, 0.00941365, 0.0958635, 0.106621, 0, 1, 31
840, 0.009413, 0.060466, 0.106183, 0, 1, 31
841, 0.00941235, 0.179588, 0.106158, 0, 1, 31
842, 0.0094117, 0.0635103, 0.106428, 0, 1, 31
843, 0.00941105, 0.109583, 0.104842, 0, 1, 31
844, 0.0094104, 0.0503943, 0.104749, 0, 1, 31
845, 0.00940974, 0.0443504, 0.103566, 0, 1, 31
846, 0.00940909, 0.0429887, 0.102761, 0, 1, 31
847, 0.00940844, 0.0463695, 0.102549, 0, 1, 31
848, 0.00940779, 0.069497, 0.10224, 0, 1, 31
849, 0.00940714, 0.0348664, 0.101942, 0, 1, 31
850, 0.00940649, 0.0524249, 0.1013, 0, 1, 31
851, 0.00940584, 0.0758943, 0.100635, 0, 1, 31
852, 0.00940519, 0.0766276, 0.101141, 0, 1, 31
853, 0.00940454, 0.0169719, 0.101019, 0, 1, 31
854, 0.00940389, 0.0336134, 0.099774, 0, 1, 31
855, 0.00940324, 0.0815014, 0.0995996, 0, 1, 31
856, 0.00940259, 0.0362477, 0.0993432, 0, 1, 31
857, 0.00940194, 0.103155, 0.0996891, 0, 1, 31
858, 0.00940129, 0.0626879, 0.0997595, 0, 1, 31
859, 0.00940064, 0.0500898, 0.0985392, 0, 1, 31
860, 0.0094, 0.0484023, 0.0984706, 0, 1, 31
861, 0.00939935, 0.01228, 0.0983397, 0, 1, 31
862, 0.0093987, 0.0838758, 0.0987708, 0, 1, 31
863, 0.00939805, 0.0704814, 0.099322, 0, 1, 31
864, 0.0093974, 0.162482, 0.0984306, 0, 1, 31
865, 0.00939675, 0.0401354, 0.0963335, 0, 1, 31
866, 0.0093961, 0.0516965, 0.095695, 0, 1, 31
867, 0.00939545, 0.172416, 0.0969298, 0, 1, 31
868, 0.0093948, 0.0561815, 0.0959297, 0, 1, 31
869, 0.00939416, 0.053682, 0.0961042, 0, 1, 31
870, 0.00939351, 0.19405, 0.0975997, 0, 1, 31
871, 0.00939286, 0.0477155, 0.0976516, 0, 1, 31
872, 0.00939221, 0.0552594, 0.097488, 0, 1, 31
873, 0.00939156, 0.0877229, 0.0966723, 0, 1, 31
874, 0.00939092, 0.0382596, 0.094319, 0, 1, 31
875, 0.00939027, 0.10135, 0.0940821, 0, 1, 31
876, 0.00938962, 0.0803864, 0.0941038, 0, 1, 31
877, 0.00938897, 0.0424182, 0.0942301, 0, 1, 31
878, 0.00938833, 0.107378, 0.094239, 0, 1, 31
879, 0.00938768, 0.0963213, 0.0905844, 0, 1, 31
880, 0.00938703, 0.0635232, 0.0901251, 0, 1, 31
881, 0.00938639, 0.0632502, 0.0903764, 0, 1, 31
882, 0.00938574, 0.259145, 0.0925491, 0, 1, 31
883, 0.00938509, 0.014048, 0.0922672, 0, 1, 31
884, 0.00938444, 0.0645978, 0.0911568, 0, 1, 31
885, 0.0093838, 0.0587383, 0.0911505, 0, 1, 31
886, 0.00938315, 0.0322344, 0.090107, 0, 1, 31
887, 0.0093825, 0.058274, 0.0879371, 0, 1, 31
888, 0.00938186, 0.0311526, 0.0871673, 0, 1, 15
889, 0.00938121, 0.0389239, 0.0855373, 0, 1, 15
890, 0.00938057, 0.019689, 0.0849742, 0, 1, 15
891, 0.00937992, 0.0602237, 0.0843389, 0, 1, 15
892, 0.00937928, 0.00697679, 0.0826296, 0, 1, 15
893, 0.00937863, 0.0201829, 0.0813319, 0, 1, 15
894, 0.00937798, 0.0737249, 0.0806805, 0, 1, 15
895, 0.00937734, 0.0705268, 0.0801196, 0, 1, 15
896, 0.00937669, 0.0315229, 0.0799756, 0, 1, 15
897, 0.00937605, 0.0382456, 0.0798723, 0, 1, 15
898, 0.0093754, 0.0882714, 0.0801055, 0, 1, 15
899, 0.00937476, 0.0183361, 0.0795647, 0, 1, 15
900, 0.00937411, 0.168436, 0.0788446, 0, 1, 15
901, 0.00937347, 0.0635021, 0.0772624, 0, 1, 15
902, 0.00937282, 0.150999, 0.0777069, 0, 1, 15
903, 0.00937218, 0.0189417, 0.0775968, 0, 1, 15
904, 0.00937153, 0.0236541, 0.0774901, 0, 1, 15
905, 0.00937089, 0.0213031, 0.0769541, 0, 1, 15
906, 0.00937024, 0.0161901, 0.0765597, 0, 1, 15
907, 0.0093696, 0.0783102, 0.0766292, 0, 1, 15
908, 0.00936895, 0.0172482, 0.075051, 0, 1, 15
909, 0.00936831, 0.00273243, 0.0748054, 0, 1, 15
910, 0.00936767, 0.0100799, 0.0741145, 0, 1, 15
911, 0.00936702, 0.00924656, 0.0725229, 0, 1, 15
912, 0.00936638, 0.0486179, 0.0713539, 0, 1, 15
913, 0.00936574, 0.0461379, 0.0707629, 0, 1, 15
914, 0.00936509, 0.0120836, 0.0697949, 0, 1, 15
915, 0.00936445, 0.00476711, 0.0685606, 0, 1, 15
916, 0.0093638, 0.0271032, 0.067503, 0, 1, 15
917, 0.00936316, 0.00359529, 0.0668943, 0, 1, 15
918, 0.00936252, 0.0443716, 0.0670939, 0, 1, 15
919, 0.00936188, 0.106861, 0.0675894, 0, 1, 15
920, 0.00936123, 0.00331718, 0.0674143, 0, 1, 15
921, 0.00936059, 0.00127286, 0.06715, 0, 1, 15
922, 0.00935995, 0.00278842, 0.0669198, 0, 1, 15
923, 0.0093593, 0.00240613, 0.0658763, 0, 1, 15
924, 0.00935866, 0.00160757, 0.0654415, 0, 1, 15
925, 0.00935802, 0.00399208, 0.0639317, 0, 1, 15
926, 0.00935738, 0.144794, 0.0636458, 0, 1, 15
927, 0.00935673, 0.0870411, 0.0612693, 0, 1, 15
928, 0.00935609, 0.0625194, 0.0612355, 0, 1, 15
929, 0.00935545, 0.00542972, 0.0607209, 0, 1, 15
930, 0.00935481, 0.00291776, 0.0598772, 0, 1, 15
931, 0.00935417, 0.00762499, 0.0584487, 0, 1, 15
932, 0.00935352, 0.131829, 0.059599, 0, 1, 15
933, 0.00935288, 0.444269, 0.0633459, 0, 1, 15
934, 0.00935224, 0.0079148, 0.0630893, 0, 1, 15
935, 0.0093516, 0.00165323, 0.0622276, 0, 1, 15
936, 0.00935096, 0.291951, 0.0644768, 0, 1, 15
937, 0.00935032, 0.0222963, 0.0634118, 0, 1, 15
938, 0.00934968, 0.100377, 0.0630098, 0, 1, 15
939, 0.00934904, 0.11565, 0.0632076, 0, 1, 15
940, 0.00934839, 0.139212, 0.0639951, 0, 1, 15
941, 0.00934775, 0.0766203, 0.0629654, 0, 1, 15
942, 0.00934711, 0.0153066, 0.0624834, 0, 1, 15
943, 0.00934647, 0.0219568, 0.0616071, 0, 1, 15
944, 0.00934583, 0.0494682, 0.0615979, 0, 1, 15
945, 0.00934519, 0.20511, 0.0632055, 0, 1, 15
946, 0.00934455, 0.0544002, 0.0633196, 0, 1, 15
947, 0.00934391, 0.123261, 0.0640885, 0, 1, 15
948, 0.00934327, 0.0565443, 0.063959, 0, 1, 15
949, 0.00934263, 0.0578106, 0.0641884, 0, 1, 15
950, 0.00934199, 0.0877512, 0.0645417, 0, 1, 15
951, 0.00934135, 0.0851449, 0.0646342, 0, 1, 15
952, 0.00934071, 0.108212, 0.06495, 0, 1, 15
953, 0.00934007, 0.183787, 0.0666182, 0, 1, 15
954, 0.00933943, 0.0805646, 0.0670877, 0, 1, 15
955, 0.00933879, 0.0681021, 0.0669537, 0, 1, 15
956, 0.00933815, 0.112613, 0.0677173, 0, 1, 15
957, 0.00933751, 0.0381839, 0.0670676, 0, 1, 15
958, 0.00933687, 0.10072, 0.0674479, 0, 1, 15
959, 0.00933624, 0.0865427, 0.0678125, 0, 1, 15
960, 0.0093356, 0.0126985, 0.0674554, 0, 1, 15
961, 0.00933496, 0.110634, 0.068439, 0, 1, 15
962, 0.00933432, 0.167103, 0.0692712, 0, 1, 15
963, 0.00933368, 0.0428411, 0.0689948, 0, 1, 15
964, 0.00933304, 0.0605291, 0.0679753, 0, 1, 15
965, 0.0093324, 0.0224301, 0.0677983, 0, 1, 15
966, 0.00933176, 0.0467292, 0.0677486, 0, 1, 15
967, 0.00933113, 0.0637054, 0.0666615, 0, 1, 15
968, 0.00933049, 0.0981336, 0.067081, 0, 1, 15
969, 0.00932985, 0.0466083, 0.0670103, 0, 1, 15
970, 0.00932921, 0.0642746, 0.0657125, 0, 1, 15
971, 0.00932857, 0.0190127, 0.0654255, 0, 1, 15
972, 0.00932794, 0.0778611, 0.0656515, 0, 1, 15
973, 0.0093273, 0.0311764, 0.065086, 0, 1, 15
974, 0.00932666, 0.0238492, 0.0649419, 0, 1, 15
975, 0.00932603, 0.0885535, 0.064814, 0, 1, 15
976, 0.00932539, 0.0300903, 0.064311, 0, 1, 15
977, 0.00932475, 0.03707, 0.0642575, 0, 1, 15
978, 0.00932411, 0.0467133, 0.0636509, 0, 1, 15
979, 0.00932348, 0.172201, 0.0644097, 0, 1, 15
980, 0.00932284, 0.126965, 0.0650441, 0, 1, 15
981, 0.0093222, 0.0475277, 0.0648869, 0, 1, 15
982, 0.00932157, 0.0554721, 0.0628501, 0, 1, 15
983, 0.00932093, 0.0592813, 0.0633025, 0, 1, 15
984, 0.00932029, 0.121553, 0.063872, 0, 1, 15
985, 0.00931966, 0.0502121, 0.0637868, 0, 1, 15
986, 0.00931902, 0.020216, 0.0636666, 0, 1, 15
987, 0.00931838, 0.049994, 0.0635838, 0, 1, 15
988, 0.00931775, 0.0685893, 0.0639581, 0, 1, 15
989, 0.00931711, 0.0129791, 0.0636987, 0, 1, 15
990, 0.00931648, 0.0619336, 0.0641211, 0, 1, 15
991, 0.00931584, 0.052326, 0.0640422, 0, 1, 15
992, 0.00931521, 0.11424, 0.0651148, 0, 1, 15
993, 0.00931457, 0.019108, 0.065104, 0, 1, 15
994, 0.00931393, 0.035255, 0.0647193, 0, 1, 15
995, 0.0093133, 0.114986, 0.0651639, 0, 1, 15
996, 0.00931266, 0.0815263, 0.065664, 0, 1, 15
997, 0.00931203, 0.0405196, 0.0656867, 0, 1, 15
998, 0.00931139, 0.0673731, 0.0654777, 0, 1, 15
999, 0.00931076, 0.0361414, 0.0656558, 0, 1, 15
1000, 0.00931012, 0.109988, 0.0650713, 0.0681864, 1, 15
